id,first_name,last_name,email,phone,datetime,updated_at,is_supplier,is_verified
5,Vina,Dillimore,vdillimore4@umn.edu,9649368366,2022-05-12 19:35:05,2022-12-12 10:12:41,false,true
6,Dee,McEvoy,dmcevoy5@issuu.com,2989746424,2023-01-02 14:46:09,2022-11-12 18:47:42,false,true
7,Tiphanie,Cathenod,tcathenod6@comsenz.com,4964255870,2022-12-14 01:21:38,2022-04-02 13:42:26,false,false
8,Ambrosio,Beeres,abeeres7@istockphoto.com,7414435891,2022-12-20 17:25:34,2022-07-11 04:12:00,false,true
9,Roarke,Izakof,rizakof8@jugem.jp,4976332604,2022-09-11 00:02:08,2023-03-18 23:50:22,false,true
10,Dallas,Buxsy,dbuxsy9@google.com.br,7632230261,2022-12-12 23:09:28,2022-10-10 23:41:24,true,true
11,Reece,Springthorpe,rspringthorpea@addthis.com,9911387374,2022-05-18 02:49:48,2023-02-11 12:04:55,false,false
12,Marieann,Wodham,mwodhamb@blogs.com,8881137431,2022-08-27 13:40:35,2022-04-11 07:42:01,true,true
13,Catriona,Stango,cstangoc@wp.com,2509676889,2022-07-12 11:30:03,2022-11-13 13:20:46,false,false
14,Maxy,Stables,mstablesd@so-net.ne.jp,5428070943,2022-10-18 23:41:16,2023-02-01 10:55:57,false,false
15,Bonnee,Hyslop,bhyslope@buzzfeed.com,9472817136,2022-10-19 02:20:41,2022-12-11 18:14:44,false,false
16,Anallese,Kewzick,akewzickf@opensource.org,3561639794,2022-12-09 20:55:32,2022-08-25 14:12:57,true,false
17,Barrie,Ferrige,bferrigeg@odnoklassniki.ru,8366651834,2022-10-14 11:34:33,2022-11-02 03:37:46,true,true
18,Franchot,Hackly,fhacklyh@multiply.com,8354444030,2022-11-02 20:34:11,2023-01-24 00:25:19,true,true
19,Blair,Peddersen,bpedderseni@creativecommons.org,4725040347,2022-11-30 19:12:33,2022-12-11 19:02:22,false,true
20,Nolie,Cottier,ncottierj@soundcloud.com,7294103422,2022-05-08 02:23:35,2022-11-07 14:01:14,false,false
21,Alex,Antonacci,aantonaccik@creativecommons.org,6808538850,2022-08-09 10:59:03,2022-11-02 08:31:00,true,true
22,Nickolaus,Fernie,nferniel@vkontakte.ru,4156582090,2022-10-08 10:30:17,2022-06-10 22:43:54,true,false
23,Amalita,Duffell,aduffellm@wp.com,7131939920,2022-05-03 16:53:34,2022-11-16 19:59:25,false,true
24,Allyn,Knyvett,aknyvettn@google.com.au,7173209626,2022-07-07 05:06:15,2023-02-06 08:04:58,true,false
25,Consalve,Koche,ckocheo@squidoo.com,4858596275,2023-02-09 02:55:08,2023-02-11 04:02:11,false,true
26,Violetta,Brittian,vbrittianp@livejournal.com,7961713279,2023-01-03 21:24:31,2022-08-18 12:12:19,false,true
27,Delia,Pitfield,dpitfieldq@ovh.net,2671163500,2023-01-21 12:01:21,2022-10-27 11:03:46,true,false
28,Kalie,Dominey,kdomineyr@cmu.edu,8951165998,2022-04-04 10:53:30,2022-10-16 13:55:34,true,true
29,Garrek,Chaudret,gchaudrets@xinhuanet.com,6152870908,2023-02-21 01:03:24,2022-05-15 19:59:35,true,true
30,Dela,Barrable,dbarrablet@nytimes.com,2268582902,2022-04-14 19:26:41,2022-10-01 15:19:20,false,false
31,Odelia,Morson,omorsonu@narod.ru,2983014424,2023-02-16 13:10:46,2023-01-10 13:54:33,true,true
32,Ailis,Housin,ahousinv@51.la,8647439710,2023-01-11 23:05:39,2022-06-09 14:25:22,false,true
33,Mallissa,Manssuer,mmanssuerw@aboutads.info,5307992977,2023-03-29 06:03:56,2022-04-14 23:53:07,false,false
34,Kelsy,Endrizzi,kendrizzix@indiatimes.com,3099516002,2022-05-27 10:02:22,2022-05-14 18:11:14,false,true
35,Chere,Windaybank,cwindaybanky@yolasite.com,9565377241,2023-02-26 23:12:40,2022-04-22 07:14:17,false,false
36,Delores,Andryushin,dandryushinz@networkadvertising.org,6413383259,2022-10-11 21:31:29,2022-06-23 19:15:05,true,false
37,Christy,Flecknoe,cflecknoe10@wp.com,9956353301,2022-06-21 22:27:47,2022-04-06 23:41:37,false,false
38,Gardener,Edmundson,gedmundson11@umn.edu,6562305728,2022-12-11 02:22:56,2022-04-25 16:58:29,false,true
39,Marianne,Pell,mpell12@walmart.com,5044122204,2022-05-08 07:36:31,2022-05-07 05:53:34,true,true
40,Linoel,Rodear,lrodear13@blogspot.com,9152483872,2023-02-13 09:01:22,2022-07-22 21:42:27,false,false
41,Hatty,Roubert,hroubert14@histats.com,3144825552,2022-04-21 21:42:05,2022-07-15 15:43:16,false,true
42,Jens,Haycroft,jhaycroft15@army.mil,2121154188,2023-03-24 22:36:05,2022-07-08 14:47:48,false,true
43,Montague,Zohrer,mzohrer16@jalbum.net,8282316939,2022-11-01 10:37:08,2022-10-09 01:50:56,true,false
44,Devy,Dimitresco,ddimitresco17@wp.com,2971490750,2022-08-28 02:58:05,2022-08-18 21:42:25,false,true
45,Kaylil,Ullrich,kullrich18@ca.gov,7314427331,2022-10-02 05:39:51,2023-03-21 04:56:04,true,true
46,Weider,Wethered,wwethered19@hao123.com,6978731923,2022-12-30 10:11:26,2022-08-02 03:33:00,true,true
47,Tabina,Durbin,tdurbin1a@trellian.com,6032681570,2022-07-20 15:41:46,2022-07-13 20:16:26,true,false
48,Bernette,Iannazzi,biannazzi1b@ft.com,9717357958,2022-09-11 08:39:13,2022-10-13 14:09:05,true,false
49,Gearard,Adamowicz,gadamowicz1c@exblog.jp,6842518506,2023-01-11 22:20:43,2022-04-16 17:28:03,true,true
50,Ezekiel,Anderson,eanderson1d@pagesperso-orange.fr,5588152859,2022-06-30 16:11:09,2022-05-21 11:36:42,false,true
51,Sheffy,Jordi,sjordi1e@over-blog.com,2723050285,2022-09-02 11:48:26,2023-01-31 15:12:57,true,true
52,Issi,Berrigan,iberrigan1f@example.com,7243366648,2022-09-15 15:26:10,2022-09-12 15:20:41,false,true
53,Barde,Carayol,bcarayol1g@hhs.gov,8534849676,2023-01-07 03:34:14,2022-12-16 11:52:57,false,false
54,Tobie,McAtamney,tmcatamney1h@cmu.edu,8322547842,2022-06-14 17:13:55,2022-09-15 23:32:15,true,false
55,Darbee,Prior,dprior1i@google.es,5861222922,2022-11-14 22:24:37,2022-07-12 06:29:00,false,true
56,Bobbette,Bess,bbess1j@sakura.ne.jp,1939311693,2022-07-04 04:12:41,2022-07-08 06:29:52,false,true
57,Elliott,Bodicum,ebodicum1k@oracle.com,4717933983,2023-01-27 16:31:53,2022-07-03 18:06:38,true,false
58,Errol,Korfmann,ekorfmann1l@cisco.com,7831213642,2023-01-02 21:43:56,2022-05-26 16:09:53,false,false
59,Emlynn,McAteer,emcateer1m@cam.ac.uk,1496404537,2022-09-02 12:17:17,2022-05-05 07:35:45,true,true
60,Ruthi,Trubshawe,rtrubshawe1n@naver.com,9896449146,2023-02-15 07:07:06,2022-06-06 00:09:52,false,false
61,Carilyn,Safont,csafont1o@ted.com,4953420687,2023-02-09 10:19:26,2022-10-07 07:28:32,true,true
62,Rudolf,Corbitt,rcorbitt1p@goodreads.com,4669784166,2022-07-03 07:36:36,2022-05-27 19:02:33,false,true
63,Madel,Smallbone,msmallbone1q@over-blog.com,3299660381,2023-01-31 12:56:11,2023-03-22 20:06:45,true,false
64,Kathi,Quaintance,kquaintance1r@npr.org,6723086969,2023-01-23 23:59:59,2022-11-12 13:56:37,false,true
65,Carine,Ivanishin,civanishin1s@google.ru,3904108214,2023-01-08 04:42:18,2022-08-30 10:48:43,false,false
66,Ollie,Walne,owalne1t@google.fr,7889749320,2023-02-11 13:08:14,2022-12-16 22:36:57,false,false
67,Brice,Bemment,bbemment1u@furl.net,6688839716,2022-04-21 14:48:21,2022-06-01 00:00:34,false,false
68,Angil,Killby,akillby1v@accuweather.com,1733511543,2022-04-12 17:30:56,2022-11-02 12:49:44,false,true
69,Della,Kentish,dkentish1w@smh.com.au,4747352291,2022-07-06 02:24:14,2022-08-09 02:16:08,false,true
70,Lucian,Roxburgh,lroxburgh1x@jiathis.com,7266460120,2022-08-15 19:28:01,2022-10-23 10:35:56,false,false
71,Susan,Pamplin,spamplin1y@w3.org,3142373937,2022-04-20 00:18:47,2022-11-30 12:31:02,true,true
72,Hayes,Perfect,hperfect1z@blogspot.com,1236703702,2022-05-12 14:27:44,2022-12-24 20:11:28,false,false
73,Lora,Jenkinson,ljenkinson20@drupal.org,4478699425,2022-09-02 14:24:13,2022-10-30 17:40:44,false,false
74,Ree,Essame,ressame21@digg.com,7299744368,2022-06-29 16:35:34,2023-01-16 02:04:51,true,true
75,Phelia,Pankhurst.,ppankhurst22@weibo.com,3105282364,2022-08-26 19:28:04,2022-10-15 04:27:25,false,true
76,Aurelea,Delete,adelete23@answers.com,4174190308,2022-12-05 17:14:41,2022-04-28 11:06:49,false,false
77,Davita,Judgkins,djudgkins24@themeforest.net,4466581714,2023-02-21 15:09:25,2022-08-28 16:30:48,true,false
78,Logan,Gonoude,lgonoude25@nature.com,3592926789,2023-01-18 22:34:45,2023-01-29 06:12:25,true,true
79,Jeniece,Beak,jbeak26@mac.com,5285971789,2023-01-13 17:09:23,2022-04-26 19:38:50,false,false
80,Kelsey,Ellicombe,kellicombe27@google.es,3121645255,2023-01-01 06:29:36,2022-10-19 08:29:43,false,false
81,Angelina,Wellbank,awellbank28@vk.com,9114559214,2022-12-01 13:27:19,2022-11-14 11:25:13,false,true
82,Abe,Comolli,acomolli29@time.com,6844337126,2022-07-29 19:34:00,2023-01-26 13:41:17,false,true
83,Harmon,Gathercole,hgathercole2a@usda.gov,6397602871,2022-05-10 12:06:43,2022-08-30 01:19:15,true,false
84,Etta,Collingworth,ecollingworth2b@trellian.com,8303565702,2023-01-21 02:34:25,2022-04-14 16:00:53,false,true
85,Pierre,Kiley,pkiley2c@so-net.ne.jp,8848793522,2023-03-05 22:13:10,2023-03-22 09:31:41,false,true
86,Mallissa,Mityushin,mmityushin2d@addtoany.com,5774895281,2022-11-17 13:19:26,2023-02-13 11:06:12,true,true
87,Hashim,Pottle,hpottle2e@spotify.com,8707147225,2022-09-25 22:21:40,2022-07-21 10:12:57,false,true
88,Angie,Henken,ahenken2f@topsy.com,7547068308,2023-02-20 05:41:54,2022-09-14 23:43:21,false,false
89,Annis,Barge,abarge2g@home.pl,2039328996,2022-10-13 08:56:09,2022-08-06 22:18:28,true,false
90,Raine,Skechley,rskechley2h@tripod.com,2495458377,2022-10-05 21:32:24,2022-09-11 15:48:54,true,false
91,Eb,Mourton,emourton2i@nationalgeographic.com,2805184076,2023-03-24 00:35:49,2022-08-29 13:35:55,true,false
92,Torrin,Moppett,tmoppett2j@wiley.com,7547034111,2022-04-27 08:25:36,2022-04-17 08:24:54,false,true
93,Kirstyn,Stihl,kstihl2k@wsj.com,4427537426,2022-05-08 22:01:10,2022-09-14 03:40:03,true,false
94,Lizzie,Prew,lprew2l@sciencedaily.com,9975255714,2022-05-15 01:34:47,2022-04-04 12:37:26,false,false
95,Tammara,MacWhan,tmacwhan2m@meetup.com,1762572632,2022-08-28 14:21:37,2022-04-16 13:52:36,false,true
96,Theobald,Killshaw,tkillshaw2n@nature.com,5088854335,2022-11-08 00:44:35,2022-09-25 07:16:06,true,false
97,Greta,Durbyn,gdurbyn2o@apache.org,7506451439,2022-04-15 09:03:48,2022-05-30 01:52:36,true,true
98,Cecilia,O'Doran,codoran2p@ezinearticles.com,6964687930,2022-10-01 01:06:01,2022-04-21 01:38:50,false,false
99,Guglielmo,Tourot,gtourot2q@mozilla.org,5347408891,2022-05-25 07:46:47,2022-11-08 11:19:54,false,true
100,Gustavo,Boggish,gboggish2r@wired.com,9177821138,2023-02-11 06:59:51,2023-02-22 18:42:45,true,true
